<?xml version="1.0" encoding="UTF-8"?>
<reindeers>
	<reindeer>
		<id>1</id>
		<name>Dasher</name>
	</reindeer>
	<reindeer>
		<id>2</id>
		<name>Dancer</name>
	</reindeer>
	<reindeer>
		<id>3</id>
		<name>Prancer</name>
	</reindeer>
	<reindeer>
		<id>4</id>
		<name>Vixen</name>
	</reindeer>
	<reindeer>
		<id>5</id>
		<name>Comet</name>
	</reindeer>
	<reindeer>
		<id>6</id>
		<name>Cupid</name>
	</reindeer>
	<reindeer>
		<id>7</id>
		<name>Donner</name>
	</reindeer>
	<reindeer>
		<id>8</id>
		<name>Blitzen</name>
	</reindeer>
</reindeers>